,SITE_ID,LOCATION_LAT,LOCATION_LON,LOCATION_ELEV,MIN_DATE,MAX_DATE,SITE_NAME
0,AR-SLu,-33.4648,-66.4598,,200901010000,201112312330,San Luis
1,AR-TF1,-54.9733,-66.7335,40.0,201601010000,201812312330,Rio Moat bog
2,AR-Vir,-28.2395,-56.1886,,200901010000,201212312330,Virasoro
3,AT-Neu,47.1167,11.3175,970.0,200201010000,201212312330,Neustift
4,AU-ASM,-22.283,133.249,,201001010000,201412312330,Alice Springs
5,AU-Ade,-13.0769,131.1178,,200701010000,200912312330,Adelaide River
6,AU-Cpr,-34.0021,140.5891,,201001010000,201412312330,Calperum
7,AU-Cum,-33.6152,150.7236,,201201010000,201412312330,Cumberland Plain
8,AU-DaP,-14.0633,131.3181,,200701010000,201312312330,Daly River Savanna
9,AU-DaS,-14.1593,131.3881,,200801010000,201412312330,Daly River Cleared
10,AU-Dry,-15.2588,132.3706,,200801010000,201412312330,Dry River
11,AU-Emr,-23.8587,148.4746,,201101010000,201312312330,Emerald
12,AU-Fog,-12.5452,131.3072,,200601010000,200812312330,Fogg Dam
13,AU-GWW,-30.1913,120.6541,,201301010000,201412312330,"Great Western Woodlands, Western Australia, Australia"
14,AU-Gin,-31.3764,115.7138,,201101010000,201412312330,Gingin
15,AU-How,-12.4943,131.1523,,200101010000,201412312330,Howard Springs
16,AU-Lox,-34.4704,140.6551,,200801010000,200912312330,Loxton
17,AU-RDF,-14.5636,132.4776,,201101010000,201312312330,"Red Dirt Melon Farm, Northern Territory"
18,AU-Rig,-36.6499,145.5759,,201101010000,201412312330,Riggs Creek
19,AU-Rob,-17.1175,145.6301,,201401010000,201412312330,"Robson Creek, Queensland, Australia"
20,AU-Stp,-17.1507,133.3502,,200801010000,201412312330,Sturt Plains
21,AU-TTE,-22.287,133.64,,201201010000,201412312330,Ti Tree East
22,AU-Wac,-37.4259,145.1878,,200501010000,200812312330,Wallaby Creek
23,AU-Whr,-36.6732,145.0294,,201101010000,201412312330,Whroo
24,AU-Wom,-37.4222,144.0944,705.0,201001010000,201412312330,Wombat
25,AU-Ync,-34.9893,146.2907,,201201010000,201412312330,Jaxa
26,BE-Bra,51.30761,4.51984,16.0,199601010000,202212312330,Brasschaat
27,BE-Dor,50.311874,4.968113,253.0,201101010000,202012312330,
28,BE-Lcr,51.11218,3.85043,6.25,201901010000,202212312330,
29,BE-Lon,50.55162,4.746234,170.0,200401010000,202212312330,Lonzee
30,BE-Maa,50.97987,5.631851,87.0,201601010000,202212312330,
31,BE-Vie,50.304962,5.998099,490.0,199601010000,202212312330,Vielsalm
32,BR-CST,-7.9682,-38.3842,468.0,201401010000,201512312330,Caatinga Serra Talhada
33,BR-Npw,-16.498,-56.412,120.0,201301010000,201712312330,Northern Pantanal Wetland
34,BR-Sa3,-3.018,-54.9714,100.0,200001010000,200412312330,Santarem-Km83-Logged Forest
35,BW-Gum,-18.9647,22.3711,950.0,201801010000,201812312300,Guma
36,BW-Nxr,-19.5481,23.1792,950.0,201801010000,201812312300,Nxaraga
37,CA-ARB,52.695,-83.9452,90.0,201101010000,201512312330,Attawapiskat River Bog
38,CA-ARF,52.7008,-83.955,88.0,201101010000,201512312330,Attawapiskat River Fen
39,CA-CF1,58.6658,-93.83,16.5,200701010000,200812312330,Churchill Fen Site 1
40,CA-Ca1,49.8673,-125.3336,300.0,199601010000,201012312330,British Columbia - 1949 Douglas-fir stand
41,CA-Ca2,49.8705,-125.2909,300.0,199901010000,201012312330,British Columbia - Clearcut Douglas-fir stand (harvested winter 1999/2000)
42,CA-Cbo,44.3167,-79.9333,120.0,199401010000,202012312330,"Ontario - Mixed Deciduous, Borden Forest Site"
43,CA-DB2,49.119,-122.9951,4.0,201901010000,202012312330,Delta Burns Bog 2
44,CA-DBB,49.1293,-122.9849,4.0,201401010000,202012312330,Delta Burns Bog
45,CA-ER1,43.6405,-80.4123,370.0,201501010000,202012312330,Elora Research Station
46,CA-Gro,48.2167,-82.1556,340.0,200301010000,201412312330,"Ontario - Groundhog River, Boreal Mixedwood Forest"
47,CA-LP1,55.1119,-122.8414,751.0,200701010000,202012312330,British Columbia - Mountain pine beetle-attacked lodgepole pine stand
48,CA-MA1,50.1645,-97.8762,261.0,200901010000,201112312330,Manitoba Agricultural Site 1
49,CA-MA2,50.171,-97.8762,261.0,200901010000,201112312330,Manitoba Agricultural Site 2
50,CA-MA3,50.1774,-97.8686,261.0,200901010000,201112312330,Manitoba Agricultural Site 3
51,CA-Man,55.8796,-98.4808,259.0,199401010000,200812312330,Manitoba - Northern Old Black Spruce (former BOREAS Northern Study Area)
52,CA-NS1,55.8792,-98.4839,260.0,200101010000,200512312330,UCI-1850 burn site
53,CA-NS2,55.9058,-98.5247,260.0,200101010000,200512312330,UCI-1930 burn site
54,CA-NS3,55.9117,-98.3822,260.0,200101010000,200512312330,UCI-1964 burn site
55,CA-NS4,55.9144,-98.3806,260.0,200101010000,200512312330,UCI-1964 burn site wet
56,CA-NS5,55.8631,-98.485,260.0,200101010000,200512312330,UCI-1981 burn site
57,CA-NS6,55.9167,-98.9644,244.0,200101010000,200512312330,UCI-1989 burn site
58,CA-NS7,56.6358,-99.9483,297.0,200101010000,200512312330,UCI-1998 burn site
59,CA-Oas,53.6289,-106.1978,530.0,199601010000,201012312330,"Saskatchewan - Western Boreal, Mature Aspen"
60,CA-Obs,53.9872,-105.1178,628.94,199701010000,201012312330,"Saskatchewan - Western Boreal, Mature Black Spruce"
61,CA-Qfo,49.6925,-74.3421,382.0,200301010000,201012312330,"Quebec - Eastern Boreal, Mature Black Spruce"
62,CA-SCB,61.3089,-121.2984,280.0,201401010000,201711172300,Scotty Creek Bog
63,CA-SCC,61.3079,-121.2992,285.0,201301010000,201608302300,Scotty Creek Landscape
64,CA-SF1,54.485,-105.8176,536.0,200301010000,200612312330,"Saskatchewan - Western Boreal, forest burned in 1977"
65,CA-SF2,54.2539,-105.8775,520.0,200101010000,200612312330,"Saskatchewan - Western Boreal, forest burned in 1989"
66,CA-SF3,54.0916,-106.0053,540.0,200101010000,200612312330,"Saskatchewan - Western Boreal, forest burned in 1998"
67,CA-TP1,42.6609,-80.5595,265.0,200201010000,201712312330,Ontario - Turkey Point 2002 Plantation White Pine
68,CA-TP2,42.7744,-80.4588,212.0,200201010000,200712312330,Ontario - Turkey Point 1989 Plantation White Pine
69,CA-TP3,42.7068,-80.3483,184.0,200201010000,201712312330,Ontario - Turkey Point 1974 Plantation White Pine
70,CA-TP4,42.7102,-80.3574,184.0,200201010000,201412312330,Ontario - Turkey Point 1939 Plantation White Pine
71,CA-TPD,42.6353,-80.5577,260.0,201201010000,201712312330,Ontario - Turkey Point Mature Deciduous
72,CD-Ygb,0.814444,24.502472,466.0,202001010000,202212312330,
73,CG-Tch,-4.2892,11.6564,82.0,200601010000,200912312330,Tchizalamou
74,CH-Aws,46.583194,9.790417,,200601010000,202012312330,
75,CH-Cha,47.2102,8.4104,393.0,200501010000,202012312330,Chamau
76,CH-Dav,46.8153,9.8559,1639.0,199701010000,202212312330,Davos
77,CH-Fru,47.1158,8.5378,982.0,200501010000,202012312330,Früebüel
78,CH-Lae,47.4783,8.3644,689.0,200401010000,202012312330,Laegern
79,CH-Oe1,47.2858,7.7319,450.0,200201010000,200812312330,Oensingen grassland
80,CH-Oe2,47.2864,7.7337,452.0,200401010000,202012312330,Oensingen crop
81,CN-Cha,42.4025,128.0958,,200301010000,200512312330,Changbaishan
82,CN-Cng,44.5934,123.5092,,200701010000,201012312330,Changling
83,CN-Dan,30.4978,91.0664,,200401010000,200512312330,Dangxiong
84,CN-Din,23.1733,112.5361,,200301010000,200512312330,Dinghushan
85,CN-Du2,42.0467,116.2836,,200601010000,200812312330,Duolun_grassland (D01)
86,CN-Du3,42.0551,116.2809,,200901010000,201012312330,Duolun Degraded Meadow
87,CN-Ha2,37.6086,101.3269,,200301010000,200512312330,Haibei Shrubland
88,CN-HaM,37.37,101.18,,200201010000,200412312330,Haibei Alpine Tibet site
89,CN-Hgu,32.8453,102.59,3500.0,201505162330,201712312230,Hongyuan
90,CN-Qia,26.7414,115.0581,,200301010000,200512312330,Qianyanzhou
91,CN-Sw2,41.7902,111.8971,,201001010000,201212312330,Siziwang Grazed (SZWG)
92,CZ-BK1,49.502075,18.536882,875.0,200401010000,202212312330,Bily Kriz forest
93,CZ-BK2,49.4944,18.5429,855.0,200401010000,201212312330,Bily Kriz grassland
94,CZ-KrP,49.573257,15.078773,,201401010000,202012312330,
95,CZ-Lnz,48.68155,16.946331,150.0,201501010000,202212312330,
96,CZ-RAJ,49.4437236,16.6965125,,201201010000,202012312330,
97,CZ-Stn,49.035975,17.9699,,201001010000,202012312330,
98,CZ-wet,49.02465,14.77035,426.0,200601010000,202212312330,Trebon (CZECHWET)
99,DE-Akm,53.8662,13.6834,-1.0,200901010000,202012312330,Anklam
100,DE-Dgw,53.1514,13.0543,60.0,201501010000,201812312300,Dagowsee
101,DE-Geb,51.09973,10.91463,161.5,200101010000,202212312330,Gebesee
102,DE-Gri,50.95004,13.51259,385.0,200401010000,202212312330,Grillenburg
103,DE-Hai,51.079407,10.452089,438.7,200001010000,202212312330,Hainich
104,DE-Har,47.933,7.5981,201.0,202001010000,202212312330,
105,DE-HoH,52.085306,11.222233,239.0,201501010000,202212312330,
106,DE-Hte,54.2103,12.1761,0.2,201012312330,201812312300,Huetelmoor
107,DE-Hzd,50.96381,13.48978,395.0,201001010000,202012312330,
108,DE-Kli,50.89306,13.52238,478.0,200401010000,202212312330,Klingenberg
109,DE-Lkb,49.0996,13.3047,1308.0,200901010000,201312312330,Lackenberg
110,DE-Lnf,51.3282,10.3678,451.0,200201010000,201212312330,Leinefelde
111,DE-Msr,47.809181,11.456168,602.07,202001010000,202212312330,
112,DE-Obe,50.7867,13.7213,734.0,200801010000,202012312330,Oberbärenburg
113,DE-RuR,50.621914,6.304126,514.7,201101010000,202212312330,Rollesbroich
114,DE-RuS,50.865906,6.4471445,103.2,201101010000,202212312330,Selhausen Juelich
115,DE-RuW,50.50493,6.3309627,610.0,201201010000,202212312330,
116,DE-Seh,50.8706,6.4497,103.0,200701010000,201012312330,Selhausen
117,DE-SfN,47.8064,11.3275,590.0,201201010000,201412312330,Schechenfilz Nord
118,DE-Spw,51.8922,14.0337,61.0,201001010000,201412312330,Spreewald
119,DE-Tha,50.96256,13.56515,380.0,199601010000,202212312330,Tharandt
120,DE-Zrk,53.8759,12.889,0.0,201301010000,201812312300,Zarnekow
121,DK-Eng,55.6905,12.1918,10.0,200501010000,200812312330,Enghave
122,DK-Fou,56.4842,9.5872,51.0,200501010000,200512312330,Foulum
123,DK-Gds,56.0737,9.3341,86.0,202001010000,202212312330,
124,DK-Skj,55.91273,8.40481,2.0,202001010000,202212312330,
125,DK-Sor,55.48587,11.644645,40.0,199601010000,202212312330,Soroe
126,DK-Vng,56.0374765,9.16070962,67.7,202001010000,202212312330,
127,ES-Abr,38.701839,-6.785881,,201501010000,202012312330,
128,ES-Agu,36.940046,-2.033208,,200601010000,202012312330,
129,ES-Amo,36.8336,-2.2523,58.0,200701010000,201212312330,Amoladeras
130,ES-Cnd,37.914998,-3.227659,,201401010000,202012312330,
131,ES-LJu,36.9266,-2.7521,1600.0,200401010000,202012312330,Llano de los Juanes
132,ES-LM1,39.94269,-5.778683,,201401010000,202012312330,
133,ES-LM2,39.934592,-5.775881,,201401010000,202012312330,
134,ES-LgS,37.0979,-2.9658,2267.0,200701010000,200912312330,Laguna Seca
135,ES-Ln2,36.9695,-3.4758,2249.0,200901010000,200912312330,Lanjaron-Salvage logging
136,FI-Hyy,61.8474,24.2948,181.0,199601010000,202212312330,Hyytiala
137,FI-Jok,60.8986,23.5134,109.0,200001010000,200312312330,Jokioinen
138,FI-Ken,67.98721,24.24301,347.0,201801010000,202212312330,
139,FI-Let,60.64183,23.95952,125.0,200901010000,202212312330,Lettosuo
140,FI-Lom,67.9972,24.2092,274.0,200601010000,201012312300,Lompolojankka
141,FI-Qvd,60.295242,22.391607,,201801010000,202012312330,
142,FI-Si2,61.8372,24.1967,160.0,201201010000,201612312300,Siikaneva-2 Bog
143,FI-Sii,61.8327,24.1928,160.0,201301010000,202212312330,Siikaneva
144,FI-Sod,67.3624,26.6386,180.0,200101010000,201412312330,Sodankyla
145,FI-Var,67.7549,29.61,395.0,201601010000,202212312330,
146,FR-Aur,43.54965,1.106103,250.0,200501010000,202212312330,
147,FR-Bil,44.493652,-0.956092,39.18,201401010000,202212312330,
148,FR-EM2,49.8721083,3.02065,85.0,201701010000,202212312330,
149,FR-FBn,43.24079,5.67865,436.0,200801010000,202012312330,
150,FR-Fon,48.476357,2.780096,103.0,200501010000,202212312330,Fontainebleau-Barbeau
151,FR-Gri,48.84415,1.951910019,125.0,200401010000,202212312330,Grignon
152,FR-Hes,48.6741,7.06465,310.0,201401010000,202212312330,
153,FR-LBr,44.7171,-0.7693,61.0,199601010000,200812312330,Le Bray
154,FR-LGt,47.3229,2.2841,,201701010000,202212312330,La Guette
155,FR-Lam,43.496437,1.237878,181.0,200501010000,202212312330,
156,FR-Mej,48.1184,-1.79635,40.0,201901010000,202212312330,
157,FR-Pue,43.7413,3.5957,271.0,200001010000,202212312330,Puechabon
158,FR-Tou,43.572857,1.37474,158.0,201801010000,202212312330,
159,GF-Guy,5.2787,-52.9248,40.0,200401010000,202212312330,Guyaflux (French Guiana)
160,GH-Ank,5.2685,-2.6942,124.0,201101010000,201412312330,Ankasa
161,GL-Dsk,69.25349,-53.51413,8.0,202001010000,202212312330,
162,GL-NuF,64.130933,-51.386068,-9999.0,200801010000,202212312330,Nuuk Fen
163,GL-ZaF,74.4814,-20.5545,38.0,200801010000,201112312330,Zackenberg Fen
164,GL-ZaH,74.473299,-20.550869,-9999.0,200001010000,202212312330,Zackenberg Heath
165,HK-MPM,22.4982,114.0292,-1.0,201601010000,201812312300,Mai Po Mangrove
166,ID-Pag,-2.32,113.9,30.0,201606010000,201705312300,Palangkaraya undrained forest
167,IE-Cra,53.32309,-7.641774,,202001010000,202012312330,
168,IL-Yat,31.345044585655,35.0519885122776,,200001010000,202012312330,
169,IT-BCi,40.5237,14.9574,20.0,200401010000,202012312330,Borgo Cioffi
170,IT-BFt,45.197754,10.741966,23.0,201901010000,202212312330,
171,IT-CA1,42.3804,12.0266,200.0,201101010000,201412312330,Castel d'Asso1
172,IT-CA2,42.3772,12.026,200.0,201101010000,201412312330,Castel d'Asso2
173,IT-CA3,42.38,12.0222,197.0,201101010000,201412312330,Castel d'Asso3
174,IT-Cas,45.07,8.7175,89.0,200901010000,201012312300,Castellaro
175,IT-Col,41.8494,13.5881,1560.0,199601010000,201412312330,Collelongo
176,IT-Cp2,41.704266,12.357293,19.0,201201010000,202212312330,Castelporziano2
177,IT-Cpz,41.7052,12.3761,68.0,199701010000,200912312330,Castelporziano
178,IT-Isp,45.8126,8.6336,210.0,201301010000,201412312330,Ispra ABC-IS
179,IT-La2,45.9542,11.2853,1350.0,200001010000,200212312330,Lavarone2
180,IT-Lav,45.9562,11.2813,1353.0,200301010000,202012312330,Lavarone
181,IT-Lsn,45.740482,12.750297,1.0,201601010000,202212312330,
182,IT-MBo,46.01468,11.045831,1550.0,200301010000,202012312330,Monte Bondone
183,IT-Niv,45.49091,7.13943,2750.0,201901010000,202212312330,
184,IT-Noe,40.6062,8.1517,25.0,200401010000,201412312330,Arca di Noe - Le Prigionette
185,IT-PT1,45.2009,9.061,60.0,200201010000,200412312330,Parco Ticino forest
186,IT-Ren,46.58686,11.43369,1735.6,199801010000,202212312330,Renon
187,IT-Ro1,42.4081,11.93,235.0,200001010000,200812312330,Roccarespampani 1
188,IT-Ro2,42.3903,11.9209,160.0,200201010000,201212312330,Roccarespampani 2
189,IT-SR2,43.73202,10.29091,4.0,201301010000,202212312330,San Rossore 2
190,IT-SRo,43.7279,10.2844,6.0,199901010000,201212312330,San Rossore
191,IT-Tor,45.84444,7.578055,2168.0,200801010000,202212312330,Torgnon
192,JP-BBY,43.323,141.8107,,201501010000,201812312300,Bibai bog
193,JP-MBF,44.3869,142.3186,,200301010000,200512312330,Moshiri Birch Forest Site
194,JP-Mse,36.0539,140.0269,,201201010000,201212312300,Mase rice paddy field
195,JP-SMF,35.2617,137.0788,,200201010000,200612312330,Seto Mixed Forest Site
196,JP-SwL,36.0466,138.1084,,201601010000,201612312300,Suwa Lake
197,KR-CRK,38.2013,127.2506,182.0,201501010000,201812312300,Cheorwon Rice paddy
198,MX-Tes,27.8446,-109.2977,460.0,200401010000,200912312330,"Tesopaco, secondary tropical dry forest"
199,MY-MLM,1.4536,111.1495,,201401010000,201512312300,Maludam National Park
200,MY-PSO,2.973,102.3062,,200301010000,200912312330,Pasoh Forest Reserve (PSO)
201,NL-Hor,52.2403,5.0713,2.2,200401010000,201112312330,Horstermeer
202,NL-Loo,52.1666,5.7436,25.0,199601010000,201412312330,Loobos
203,NZ-Kop,-37.3879,175.5539,,201112312330,201512312230,Kopuatai
204,PA-SPn,9.3181,-79.6346,78.0,200701010000,200912312330,Sardinilla Plantation
205,PA-SPs,9.3138,-79.6314,68.0,200701010000,200912312330,Sardinilla-Pasture
206,PE-QFR,-3.8344,-73.319,104.0,201801010000,201912312330,Quistococha Forest Reserve
207,PH-RiF,14.1412,121.2653,27.0,201112312330,201412312300,Philippines Rice Institute flooded
208,RU-Ch2,68.6169,161.3509,4.0,201312312330,201612312300,Chersky reference
209,RU-Che,68.613,161.3414,6.0,200201010000,201612312300,Cherski
210,RU-Cok,70.8291,147.4943,48.0,200301010000,201612312300,Chokurdakh
211,RU-Fy2,56.4476,32.9019,,201501010000,202012312330,Fyodorovskoye dry spruce
212,RU-Fyo,56.4615,32.9221,265.0,199801010000,202012312330,Fyodorovskoye
213,RU-Ha1,54.7252,90.0022,446.0,200201010000,200412312330,Hakasia steppe
214,SD-Dem,13.2829,30.4783,500.0,200501010000,200912312330,Demokeya
215,SE-Deg,64.182,19.5565,270.0,200101010000,202212312330,Degero
216,SE-Htm,56.09763,13.41897,115.0,201501010000,202212312330,
217,SE-Nor,60.0865,17.479504,45.0,201401010000,202212312330,
218,SE-Ros,64.1725,19.738,,201401010000,202012312330,
219,SE-Sto,68.35594288,19.04520892,351.893,202201010000,202212312330,
220,SE-Svb,64.25611,19.7745,267.0,201401010000,202212312330,
221,SJ-Adv,78.186,15.923,17.0,201101010000,201412312330,Adventdalen
222,SN-Dhr,15.4028,-15.4322,40.0,201001010000,201312312330,Dahra
223,UK-AMo,55.792546,-3.2436918,270.0,202101010000,202212312330,
224,UK-LBT,51.5215,-0.1389,21.0,201101010000,201412312300,London_BT
225,US-A03,70.4953,-149.8823,5.0,201412312330,201812312300,ARM-AMF3-Oliktok
226,US-A10,71.3242,-156.6149,4.0,201112312330,201812312300,ARM-NSA-Barrow
227,US-A32,36.8193,-97.8198,335.0,201501010000,201712312330,ARM-SGP Medford hay pasture
228,US-A74,36.8085,-97.5489,337.0,201601010000,201712312330,ARM SGP milo field
229,US-ALQ,46.0308,-89.6067,,201501010000,202112312330,Allequash Creek Site
230,US-AR1,36.4267,-99.42,611.0,200901010000,201212312330,ARM USDA UNL OSU Woodward Switchgrass 1
231,US-AR2,36.6358,-99.5975,646.0,200901010000,201212312330,ARM USDA UNL OSU Woodward Switchgrass 2
232,US-ARM,36.6058,-97.4888,314.0,200301010000,202012312330,ARM Southern Great Plains site- Lamont
233,US-ARb,35.5497,-98.0402,424.0,200501010000,200612312330,ARM Southern Great Plains burn site- Lamont
234,US-ARc,35.5465,-98.04,424.0,200501010000,200612312330,ARM Southern Great Plains control site- Lamont
235,US-Atq,70.4696,-157.4089,15.0,200301010000,201601052300,Atqasuk
236,US-BRG,39.2167,-86.5406,180.0,201601010000,202012312330,Bayles Road Grassland Tower
237,US-BZB,64.6955,-148.3208,100.0,201101010000,202112312330,Bonanza Creek Thermokarst Bog
238,US-BZF,64.7013,-148.3121,95.0,201101010000,202112312330,Bonanza Creek Rich Fen
239,US-BZS,64.6963,-148.3235,100.0,201001010000,202112312330,Bonanza Creek Black Spruce
240,US-BZo,64.6936,-148.33,100.0,201801010000,202112312330,Bonanza Creek Old Thermokarst Bog
241,US-Bar,44.0646,-71.2881,272.0,200401010000,202112312330,Bartlett Experimental Forest
242,US-Beo,71.281,-156.6123,,201301010000,201412312300,Barrow Environmental Observatory (BEO) tower
243,US-Bes,71.2809,-156.5965,4.6,201301010000,201512312300,Barrow-Bes (Biocomplexity Experiment South tower)
244,US-Bi1,38.0992,-121.4993,-2.7,201601010000,202112312330,Bouldin Island Alfalfa
245,US-Bi2,38.1091,-121.5351,-5.0,201701010000,202112312330,Bouldin Island corn
246,US-Blo,38.8953,-120.6328,1315.0,199701010000,200712312330,Blodgett Forest
247,US-CF1,46.7815,-117.0821,794.0,201701010000,202012312330,CAF-LTAR Cook East
248,US-CF2,46.784,-117.0908,807.0,201701010000,202012312330,CAF-LTAR Cook West
249,US-CF3,46.7551,-117.1261,795.0,201701010000,202112312330,CAF-LTAR Boyd North
250,US-CF4,46.7518,-117.1285,795.0,201701010000,202112312330,CAF-LTAR Boyd South
251,US-CRT,41.6285,-83.3471,180.0,201101010000,201312312330,Curtice Walter-Berger cropland
252,US-CS1,44.1031,-89.5379,328.0,201801010000,201912312330,Central Sands Irrigated Agricultural Field
253,US-CS2,44.1467,-89.5002,328.0,201801010000,202112312330,Tri county school Pine Forest
254,US-CS3,44.1394,-89.5727,328.0,201901010000,202012312330,Central Sands Irrigated Agricultural Field
255,US-CS4,44.1597,-89.5475,328.0,202001010000,202112312330,Central Sands Irrigated Agricultural Field
256,US-DFC,43.3448,-89.7117,264.9,201801010000,202112312330,"US Dairy Forage Research Center, Prairie du Sac"
257,US-DPW,28.0521,-81.4361,23.0,201301010000,201701042300,Disney Wilderness Preserve Wetland
258,US-DS3,38.1235,-121.549,-7.0,202101010000,202112312330,Staten Rice 1
259,US-EDN,37.6156,-122.114,,201801010000,201912312330,Eden Landing Ecological Reserve
260,US-EML,63.8784,-149.2536,662.0,200801010000,202012312330,"Eight Mile Lake Permafrost thaw gradient, Healy Alaska."
261,US-Fcr,65.3968,-148.9348,265.0,201101010000,201412312330,Cascaden Ridge Fire Scar
262,US-Fmf,35.1426,-111.7273,2160.0,200501010000,201012312330,Flagstaff - Managed Forest
263,US-Fuf,35.089,-111.762,2180.0,200501010000,201012312330,Flagstaff - Unmanaged Forest
264,US-GBT,41.3658,-106.2397,3191.0,199901010000,200612312330,GLEES Brooklyn Tower
265,US-GLE,41.3665,-106.2399,3197.0,200401010000,202012312330,GLEES
266,US-Goo,34.2547,-89.8735,87.0,200201010000,200612312330,Goodwin Creek
267,US-HB1,33.3455,-79.1957,0.1,201901010000,201912312330,North Inlet Crab Haul Creek
268,US-HB2,33.3242,-79.244,4.7,201901010000,201912312330,Hobcaw Barony Mature Longleaf Pine
269,US-HB3,33.3482,-79.2322,7.3,201901010000,202112312330,Hobcaw Barony Longleaf Pine Restoration
270,US-HRA,34.5852,-91.7517,,201701010000,201708262300,Humnoke Farm Rice Field – Field A
271,US-HRC,34.5888,-91.7517,,201701010000,201708262300,Humnoke Farm Rice Field – Field C
272,US-HWB,40.8608,-77.8488,378.0,201501010000,201812312330,USDA ARS Pasture Sytems and Watershed Management Research Unit- Hawbecker Site
273,US-Hn2,46.6889,-119.4641,117.5,201501010000,201812312330,Hanford 100H grassland
274,US-Hn3,46.6878,-119.4614,120.9,201701010000,201812312330,Hanford 100H sagebrush
275,US-Ho1,45.2041,-68.7402,60.0,201112312330,201806302300,Howland Forest (main tower)
276,US-Ho2,45.2091,-68.747,61.0,199901010000,202012312330,Howland Forest (west tower)
277,US-IB2,41.8406,-88.241,226.5,200401010000,201112312330,Fermi National Accelerator Laboratory- Batavia (Prairie site)
278,US-ICh,68.6068,-149.2958,940.0,200701010000,202112312330,Imnavait Creek Watershed Heath Tundra
279,US-ICs,68.6058,-149.311,920.0,200701010000,202012312330,Imnavait Creek Watershed Wet Sedge Tundra
280,US-ICt,68.6063,-149.3041,930.0,200701010000,202112312330,Imnavait Creek Watershed Tussock Tundra
281,US-Ivo,68.4865,-155.7503,568.0,200401010000,201612312300,Ivotuk
282,US-Jo1,32.582,-106.635,1188.0,201001010000,202012312330,Jornada Experimental Range Bajada Site
283,US-Jo2,32.5849,-106.6032,1469.0,201001010000,202012312330,Jornada Experimental Range Mixed Shrubland
284,US-KFS,39.0561,-95.1907,310.0,200701010000,201912312330,Kansas Field Station
285,US-KLS,38.7745,-97.5684,373.0,201201010000,201912312330,Kansas Land Institute
286,US-KS1,28.4583,-80.6709,1.0,200201010000,200312312330,Kennedy Space Center (slash pine)
287,US-KS2,28.6086,-80.6715,3.0,199901010000,200612312330,Kennedy Space Center (scrub oak)
288,US-KS3,28.7084,-80.7427,0.0,201801010000,201812312330,Kennedy Space Center (salt marsh)
289,US-Kon,39.0824,-96.5603,417.0,200401010000,201912312330,Konza Prairie LTER (KNZ)
290,US-LA1,29.5013,-90.4449,0.0,201101010000,201212052300,Pointe-aux-Chenes Brackish Marsh
291,US-LA2,29.8587,-90.2869,0.0,201112152330,201311182230,Salvador WMA Freshwater Marsh
292,US-LS2,31.5659,-110.1344,1240.0,200201010000,200712312330,San Pedro River Lewis Springs Savanna
293,US-LWW,34.9604,-97.9789,365.0,199701010000,199812312330,Little Washita Watershed
294,US-Lin,36.3566,-119.0922,131.0,200901010000,201012312330,Lindcove Orange Orchard
295,US-Los,46.0827,-89.9792,480.0,200001010000,201812312300,Lost Creek
296,US-MAC,27.1632,-81.1873,,201304010000,201510312300,MacArthur Agro-Ecology
297,US-MOz,38.7441,-92.2,219.4,200401010000,201912312330,Missouri Ozark Site
298,US-MRM,40.8164,-74.0435,1.0,201201010000,201312312300,Marsh Resource Meadowlands Mitigation Bank
299,US-Me1,44.5794,-121.5,896.0,200401010000,200512312330,Metolius - Eyerly burn
300,US-Me2,44.4526,-121.5589,1253.0,200201010000,202012312330,Metolius mature ponderosa pine
301,US-Me3,44.3154,-121.6078,1005.0,200401010000,200912312330,Metolius-second young aged pine
302,US-Me4,44.4992,-121.6224,922.0,199601010000,200012312330,Metolius-old aged ponderosa pine
303,US-Me5,44.4372,-121.5668,1188.0,200001010000,200212312330,Metolius-first young aged pine
304,US-Me6,44.3233,-121.6078,998.0,201001010000,202112312330,Metolius Young Pine Burn
305,US-Mo1,39.2298,-92.1167,260.0,201501010000,202112312330,LTAR CMRB Field 1 (CMRB ASP)
306,US-Mo2,38.9488,-91.9945,275.0,201801010000,202112312330,LTAR CMRB Tucker Prairie (CMRB TP)
307,US-Mo3,39.2311,-92.1497,261.0,201601010000,202112312330,LTAR CMRB Field 3 (CMRB BAU)
308,US-Mpj,34.4385,-106.2377,2196.0,200801010000,202012312330,Mountainair Pinyon-Juniper Woodland
309,US-Myb,38.0499,-121.765,-4.0,201001010000,202112312330,Mayberry Wetland
310,US-NC1,35.8118,-76.7119,5.0,200501010000,201212312330,NC_Clearcut
311,US-NC3,35.799,-76.656,5.0,201301010000,202112312330,NC_Clearcut#3
312,US-NC4,35.7879,-75.9038,1.0,200901010000,202112312330,NC_AlligatorRiver
313,US-NGB,71.28,-156.6092,5.273,201201010000,201912312330,NGEE Arctic Barrow
314,US-NGC,64.8618,-163.7002,35.0,201701010000,201912312330,NGEE Arctic Council
315,US-NR1,40.0329,-105.5464,3050.0,199801010000,201612312330,Niwot Ridge Forest (LTER NWT1)
316,US-ONA,27.3836,-81.9509,25.0,201501010000,202012312330,Florida pine flatwoods
317,US-ORv,40.0201,-83.0183,221.0,201101010000,201612312330,Olentangy River Wetland Research Park
318,US-OWC,41.3795,-82.5125,174.0,201501010000,201612312330,Old Woman Creek
319,US-Oho,41.5545,-83.8438,230.0,200401010000,201312312330,Oak Openings
320,US-PFa,45.9459,-90.2723,470.0,200912312300,201812312200,Park Falls/WLEF
321,US-Pnp,43.0896,-89.4158,260.0,201601010000,202112312330,"Lake Mendota, Picnic Point Site"
322,US-Prr,65.1237,-147.4876,210.0,201001010000,201412312330,Poker Flat Research Range Black Spruce Forest
323,US-RGA,34.4159,-91.6733,61.0,202101010000,202112312330,Arkansas Corn Farm
324,US-RGB,39.5782,-121.8579,33.0,202101010000,202112312330,Butte County Rice Farm
325,US-RGo,39.6805,-122.0026,40.0,202101010000,202112312330,Glenn County Organic Rice Farm
326,US-Rls,43.1439,-116.7356,1608.0,201401010000,202112312330,RCEW Low Sagebrush
327,US-Rms,43.0645,-116.7486,2111.0,201401010000,202012312330,RCEW Mountain Big Sagebrush
328,US-Ro1,44.7143,-93.0898,290.0,200401010000,201612312330,Rosemount- G21
329,US-Ro2,44.7288,-93.0888,292.0,200801010000,201612312330,Rosemount- C7
330,US-Ro4,44.6781,-93.0723,274.0,201401010000,202112312330,Rosemount Prairie
331,US-Ro5,44.691,-93.0576,283.0,201701010000,202012312330,Rosemount I18_South
332,US-Ro6,44.6946,-93.0578,282.0,201701010000,202112312330,Rosemount I18_North
333,US-Rpf,65.1198,-147.429,497.0,200801010000,202112312330,Poker Flat Research Range: Succession from fire scar to deciduous forest
334,US-Rwe,43.0653,-116.7591,2098.0,200301010000,200712312330,RCEW Reynolds Mountain East
335,US-Rwf,43.1207,-116.7231,1878.0,201401010000,202012312330,RCEW Upper Sheep Prescibed Fire
336,US-Rws,43.1675,-116.7132,1425.0,201401010000,202012312330,Reynolds Creek Wyoming big sagebrush
337,US-SRC,31.9083,-110.8395,950.0,200801010000,201412312330,Santa Rita Creosote
338,US-SRG,31.7894,-110.8277,1291.0,200801010000,202112312330,Santa Rita Grassland
339,US-SRM,31.8214,-110.8661,1120.0,200401010000,201412312330,Santa Rita Mesquite
340,US-SRS,31.8173,-110.8508,1169.0,201101010000,201812312330,Santa Rita Savanna
341,US-Seg,34.3623,-106.702,1596.0,200701010000,202112312330,Sevilleta grassland
342,US-Ses,34.3349,-106.7442,1604.0,200701010000,202112312330,Sevilleta shrubland
343,US-Snd,38.0366,-121.754,-5.0,201001010000,201505062300,Sherman Island
344,US-Sne,38.0369,-121.7547,-5.0,201601010000,202012312330,Sherman Island Restored Wetland
345,US-Snf,38.0402,-121.7272,-4.0,201801010000,202012312330,Sherman Barn
346,US-Srr,38.2006,-122.0264,8.0,201401010000,201712312330,Suisun marsh - Rush Ranch
347,US-StJ,39.0882,-75.4372,6.7,201501010000,201712312330,St Jones Reserve
348,US-Sta,41.3966,-106.8024,2069.0,200501010000,200912312330,Saratoga
349,US-Syv,46.242,-89.3477,540.0,200101010000,202112312330,Sylvania Wilderness Area
350,US-Ton,38.4309,-120.966,177.0,200101010000,202112312330,Tonzi Ranch
351,US-Tw1,38.1074,-121.6469,-5.0,201101010000,202012312330,Twitchell Wetland West Pond
352,US-Tw2,38.0969,-121.6365,-5.0,201201010000,201312312330,Twitchell Corn
353,US-Tw3,38.1152,-121.6469,-4.0,201301010000,201812312330,Twitchell Alfalfa
354,US-Tw4,38.1027,-121.6413,-5.0,201301010000,202112312330,Twitchell East End Wetland
355,US-Tw5,38.1072,-121.6426,-5.0,201801010000,201912312330,East Pond Wetland
356,US-Twt,38.1087,-121.6531,-7.0,200901010000,201704042300,Twitchell Island
357,US-UM3,45.5686,-84.6707,234.0,201301010000,201412312330,Douglas Lake
358,US-UMB,45.5598,-84.7138,234.0,200701010000,202112312330,Univ. of Mich. Biological Station
359,US-UMd,45.5625,-84.6975,239.0,200701010000,202112312330,UMBS Disturbance
360,US-Uaf,64.8663,-147.8555,155.0,201012312330,201812312300,"University of Alaska, Fairbanks"
361,US-Var,38.4133,-120.9508,129.0,200001010000,202112312330,Vaira Ranch- Ione
362,US-Vcm,35.8884,-106.5321,3030.0,200701010000,202112312330,Valles Caldera Mixed Conifer
363,US-Vcp,35.8642,-106.5967,2500.0,200701010000,202112312330,Valles Caldera Ponderosa Pine
364,US-WCr,45.8059,-90.0799,520.0,199901010000,201412312330,Willow Creek
365,US-WPT,41.4646,-82.9962,175.0,201101010000,201312312330,Winous Point North Marsh
366,US-Whs,31.7438,-110.0522,1370.0,200701010000,202012312330,Walnut Gulch Lucky Hills Shrub
367,US-Wi0,46.6188,-91.0814,349.0,200201010000,200212312330,Young red pine (YRP)
368,US-Wi1,46.7305,-91.2329,352.0,200301010000,200312312330,Intermediate hardwood (IHW)
369,US-Wi2,46.6869,-91.1528,395.0,200301010000,200312312330,Intermediate red pine (IRP)
370,US-Wi3,46.6347,-91.0987,411.0,200201010000,200412312330,Mature hardwood (MHW)
371,US-Wi4,46.7393,-91.1663,352.0,200201010000,200512312330,Mature red pine (MRP)
372,US-Wi5,46.6531,-91.0858,353.0,200401010000,200412312330,Mixed young jack pine (MYJP)
373,US-Wi6,46.6249,-91.2982,371.0,200201010000,200312312330,Pine barrens #1 (PB1)
374,US-Wi7,46.6491,-91.0693,335.0,200501010000,200512312330,Red pine clearcut (RPCC)
375,US-Wi8,46.7223,-91.2524,348.0,200201010000,200212312330,Young hardwood clearcut (YHW)
376,US-Wi9,46.7385,-91.0746,350.0,200401010000,200512312330,Young Jack pine (YJP)
377,US-Wjs,34.4255,-105.8615,1931.0,200701010000,202112312330,Willard Juniper Savannah
378,US-Wkg,31.7365,-109.9419,1531.0,200401010000,202112312330,Walnut Gulch Kendall Grasslands
379,US-xAB,45.7624,-122.3303,363.0,201901010000,202112312330,NEON Abby Road (ABBY)
380,US-xAE,35.4106,-99.0588,516.0,201701010000,202112312330,NEON Klemme Range Research Station (OAES)
381,US-xBA,71.2824,-156.6194,6.0,201901010000,202112312330,NEON Barrow Environmental Observatory (BARR)
382,US-xBL,39.0603,-78.0716,183.0,201901010000,202112312330,NEON Blandy Experimental Farm (BLAN)
383,US-xBN,65.154,-147.5026,263.0,201901010000,202112312330,NEON Caribou Creek - Poker Flats Watershed (BONA)
384,US-xBR,44.0639,-71.2873,232.0,201701010000,202112312330,NEON Bartlett Experimental Forest (BART)
385,US-xCL,33.4012,-97.57,259.0,201701010000,202112312330,NEON LBJ National Grassland (CLBJ)
386,US-xCP,40.8155,-104.7456,1654.0,201601010000,202112312330,NEON Central Plains Experimental Range (CPER)
387,US-xDC,47.1617,-99.1066,559.0,201701010000,202112312330,NEON Dakota Coteau Field School (DCFS)
388,US-xDJ,63.8811,-145.7514,529.0,201901010000,202112312330,NEON Delta Junction (DEJU)
389,US-xDL,32.5417,-87.8039,22.0,201701010000,202112312330,NEON Dead Lake (DELA)
390,US-xDS,28.125,-81.4362,15.0,201701010000,202112312330,NEON Disney Wilderness Preserve (DSNY)
391,US-xGR,35.689,-83.5019,579.0,201701010000,202112312330,"NEON Great Smoky Mountains National Park, Twin Creeks (GRSM)"
392,US-xHA,42.5369,-72.1727,351.0,201701010000,202112312330,NEON Harvard Forest (HARV)
393,US-xHE,63.8757,-149.2133,705.0,201701010000,202112312330,NEON Healy (HEAL)
394,US-xJE,31.1948,-84.4686,44.0,201701010000,202112312330,NEON Jones Ecological Research Center (JERC)
395,US-xJR,32.5907,-106.8425,1329.0,201901010000,202112312330,NEON Jornada LTER (JORN)
396,US-xKA,39.1104,-96.6129,1329.0,201701010000,202112312330,NEON Konza Prairie Biological Station - Relocatable (KONA)
397,US-xKZ,39.1008,-96.5631,381.0,201701010000,202112312330,NEON Konza Prairie Biological Station (KONZ)
398,US-xMB,38.2483,-109.3883,1767.0,201701010000,202112312330,NEON Moab (MOAB)
399,US-xML,37.3783,-80.5248,1126.0,201701010000,202112312330,NEON Mountain Lake Biological Station (MLBS)
400,US-xNG,46.7697,-100.9154,578.0,201701010000,202112312330,NEON Northern Great Plains Research Laboratory (NOGP)
401,US-xNQ,40.1776,-112.4524,1685.0,201701010000,202112312330,NEON Onaqui-Ault (ONAQ)
402,US-xRM,40.2759,-105.5459,2743.0,201701010000,202112312330,"NEON Rocky Mountain National Park, CASTNET (RMNP)"
403,US-xSB,29.6893,-81.9934,45.0,201701010000,202112312330,NEON Ordway-Swisher Biological Station (OSBS)
404,US-xSC,38.8929,-78.1395,361.0,201901010000,202112312330,NEON Smithsonian Conservation Biology Institute (SCBI)
405,US-xSE,38.8901,-76.56,15.0,201701010000,202112312330,NEON Smithsonian Environmental Research Center (SERC)
406,US-xSJ,37.1088,-119.7323,368.0,201901010000,202112312330,NEON San Joaquin Experimental Range (SJER)
407,US-xSL,40.4619,-103.0293,1364.0,201901010000,202112312330,"NEON North Sterling, CO (STER)"
408,US-xSR,31.9107,-110.8355,983.0,201701010000,202112312330,NEON Santa Rita Experimental Range (SRER)
409,US-xST,45.5089,-89.5864,481.0,201701010000,202112312330,NEON Steigerwaldt Land Services (STEI)
410,US-xTA,32.9505,-87.3933,135.0,201701010000,202112312330,NEON Talladega National Forest (TALL)
411,US-xTR,45.4937,-89.5857,472.0,201701010000,202112312330,NEON Treehaven (TREE)
412,US-xUK,39.0404,-95.1921,335.0,201701010000,202112312330,NEON The University of Kansas Field Station (UKFS)
413,US-xUN,46.2339,-89.5373,518.0,201701010000,202112312330,NEON University of Notre Dame Environmental Research Center (UNDE)
414,US-xWD,47.1282,-99.2414,579.0,201901010000,202112312330,NEON Woodworth (WOOD)
415,US-xYE,44.9535,-110.5391,2116.0,201801010000,202112312330,NEON Yellowstone Northern Range (Frog Rock) (YELL)
416,ZM-Mon,-15.4391,23.2525,1053.0,200001010000,200912312330,Mongu
